yelpId,Name,address,phone,review,website
1JonHvV5HDvoOoB64gp3PA,Walk-In WeavesWeaves,"200 W Woodlawn RdCharlotte, NC 28217",,5.0/1 review,walkinweaves.com
oVxucHwWt7btKoU21_lB2w,Mane Duo,"2125 Commonwealth AveCharlotte, NC 28205",(980) 406-3871,5.0/5 reviews,maneduosalon.com
KmubLdA-rasr_sl0o1TG5A,Hairitage Studio Salon,"2082 Ayrsley Town BlvdCharlotte, NC 28273",(704) 499-9012,5.0/1 review,hairitagestudio.net
z5SWVv7ql1IQJcQjsp2Ibg,The Weave And Natural Hair BoutiqueWeave,"2622 Stateville RdCharlotte, NC 28269",(704) 780-3082,no review,
ic5TJB0pUeiQ53J2CRBMig,Uptown Hair & Weave CafeWeave,"520 W 10thCharlotte, NC 28202",(704) 333-8022,3.0/2 reviews,uptownweavecafe.com
8d8Q3ZhAJwzdfxdj-mFmqQ,Naty Dominican Hair Stylist,"4548 Old Pineville RdCharlotte, NC 28217",(203) 808-0282,4.5/15 reviews,
78pWFRTMSBengLChJW1Rrg,Styles By Matisa,"129 N Poplar StCharlotte, NC 27882",(704) 271-4397,5.0/2 reviews,stylesbymatisa.com
yRbvnRlJZUj76RD8fIuJQQ,Amirror Hair Studio,"2750 E Wt Harris BlvdCharlotte, NC 28213",(704) 907-7227,5.0/3 reviews,amirrorhairstudiosalon.com
qn9b8n1RqVakeliNctBa3Q,Treatment Salon,"14815 Ballantyne Village WayCharlotte, NC 28277",(980) 288-5060,5.0/8 reviews,treatmentsalon.com
bN3Gx9k9RtQPfRxzZPJv_w,2 The Max Salon,"10223 University City BlvdCharlotte, NC 28213",(704) 295-0909,3.5/3 reviews,2themaxsalon.com
JN4WI32_ajlueq6K6HC0IQ,Beyond Extensions,"2084 Ayrsley Town BlvdCharlotte, NC 28273",(704) 904-3968,5.0/2 reviews,beyondextensions.mayvenn.com
j7MwQ2eC4k8IecXoEqrw7g,Tisun Beauty,"5420 N Tryon StCharlotte, NC 28213",(704) 597-5690,3.5/31 reviews,tisunbeauty.com
lEJSpNJpgdEauK3MvIpmgw,Maribeth’s Blowout Bar,"2750 E Wt Harris BlvdCharlotte, NC 28213",(704) 412-9106,5.0/2 reviews,
7M045BonrAsf89m8Zt_kEg,La Extensions Hair Studio,"1237 Tyvola RdCharlotte, NC 28210",(980) 949-0908,4.0/3 reviews,laxhairstudio.com
oge3Y1YU0pssXZqI3z-HKw,Salon Zen,"2925 E Wt Harris BlvdCharlotte, NC 28213",(704) 596-2900,4.0/4 reviews,mysalonzen.com
vuEErSUG2f97JF-ClCmSWA,Skyler Warren,"1949 N Sharon Amity RdCharlotte, NC 28205",(909) 450-1691,no review,
Oo6VjIhIAxqe1klupN3MGw,Nufaces International,"520 Collins Aikman DrCharlotte, NC 28262",(704) 756-2752,5.0/2 reviews,nufacesinternational.com
_HVLXPp2w9G2cgxXmvzItw,World Class Hair Care,"3710 W Wt Harris BlvdCharlotte, NC 28269",(704) 921-7200,3.5/3 reviews,worldclasshairstore.com
kDwipxJhOo6ChaLZ053XYw,Salon of Evidence Uptown,"212 S Tryon StCharlotte, NC 28281",(704) 370-0099,4.5/21 reviews,salonofevidenceuptown.com
xJn6pQzVGNyxGyyOnodgHA,Hair by Kenny,"1427 S BlvdCharlotte, NC 28203",(904) 452-3837,no review,stylesbykenny.wix.com/hair
eUBwttVIH9nuTgRs_uxurg,Vicky African Hair Braiding,"1014 N Tryon StCharlotte, NC 28206",(704) 334-4545,1.0/1 review,vickyhairbraiding.com
8HFEOjwYQOZyLaVMQmYfUg,Pretty Hair,"200 W Woodlawn RdCharlotte, NC 28217",(704) 733-9184,2.5/3 reviews,
102Ic382akYZcjiiIWFbvQ,Infinity Hair,"8700 Pineville-Matthews RdCharlotte, NC 28226",(704) 232-6885,5.0/2 reviews,
V0YEA7HBWRhL0CMaUBqrYw,The Weave ShopWeave,"3046 Eastway DrCharlotte, NC 28205",(980) 833-1778,no review,theweaveshop.com/north-caroli…
Lg_CF2ipP3-8ev06-LZeHA,Styllionare Hair,"3045 Freedom DrCharlotte, NC 28208",(980) 474-7845,no review,styllionarehair.com
c1TeQURDUic3Si5YRoA3og,Natural Beauty by Val,"2925 East Independence BlvdCharlotte, NC 28205",(704) 401-9593,no review,naturalbeautybyval.com
wdo24AQwWChYvGz8y3V6bQ,J Stylz Hair Salon,"5509 Monroe RdCharlotte, NC 28212",(704) 858-0309,5.0/1 review,
qOg6-gFdSw18zYu8s0pcTg,Royalty Beauty Bar,"1222 E BlvdCharlotte, NC 28203",(704) 920-8939,3.5/3 reviews,royaltybeautybar.com
fMT2fTNuddOXhV_qmSPF1g,Bella Cheveux Salon,"548 W 10th StCharlotte, NC 28202",(704) 921-2290,3.5/5 reviews,bellacheveux.com
1LgV4o6n4GG8RkxZEAiNYA,Intriguing Dynasty,"520 Collins Aikman DrCharlotte, NC 28262",(704) 842-9550,5.0/1 review,intriguingdynasty.com
RMmlVE1GcFaVSd4Whpa6CA,Shanae - Hair&Beyond Studio,"6316 Old Sugar Creek RdCharlotte, NC 28215",(516) 304-6557,no review,
i_KNTGVqAttMKaIfEgqyAw,Hair Experience By M,,(980) 500-9947,no review,hairexperiencebym.com
MBifou4FJLeoaczTsW1AdQ,Expressions of Color Beauty Salon,"216 West BlvdCharlotte, NC 28217",(704) 527-3032,no review,expressionofcolor.com
QlXb4lSrczUGNfO6M3YC2Q,Malanilux,"11046 Cedar Walk LnCharlotte, NC 28277",(704) 315-1091,1.0/1 review,malanilux.com
3hVNB2plzW9c3UY3f7ur8Q,Tisun Beauty,"9011 S Tryon StCharlotte, NC 28273",(704) 659-5777,4.0/14 reviews,tisunbeauty.com
kVkPCbWy9m_gdE-M7ZTTaQ,Glory Hair Braiding,"6320 N Tryon StCharlotte, NC 28213",(704) 231-4850,no review,gloryhairbraiding.com
ljtJ8In8nEoLkotLwxguPg,Naturaltress Salon,"2715 Central AveCharlotte, NC 28205",(980) 939-1320,3.0/10 reviews,naturaltress-salon.com
g90D4tbfmGehOnAY3s1xpQ,Studio Riche,"410 E McCulloughCharlotte, NC 28262",(678) 769-5457,no review,
B4BR408Aa9FFdlNJvp3mfg,33 Fingers Salon,"8841 Arbor Creek DrCharlotte, NC 28078",(704) 661-8399,4.0/6 reviews,
HrcV-xue3p4Hv7UB_DAbdA,Elom’s Braiding,"1520 West BlvdCharlotte, NC 28208",(704) 819-2007,3.5/12 reviews,elomsbraiding.com
7rHrKkouOYatJycqbobGOA,Denise,"8016 Providence RdCharlotte, NC 28277",(516) 662-8601,5.0/21 reviews,
VEZnh1qOGs_NLaMOROaWyw,Agou Hair Braiding Boutique,"7925 N Tryon StCharlotte, NC 28262",(704) 548-0069,2.0/12 reviews,agouhairbraiding.com
0ZD8_OQ1vmvrgn5IPHkv9w,Mahogany Blue Hair Studio,"7309-25 E Independence BlvdCharlotte, NC 28227",(980) 213-1637,5.0/1 review,mahoganybluehair.com
b18ykC-gQf2o81qsX-NVgQ,Aamavi Africa Hair Salon,"2620 S Tryon StCharlotte, NC 28203",(704) 333-0643,3.0/10 reviews,
MgiYBJVcPxWGndMUHqvluQ,Bignon’s African Hair & Studio,"6932 N Tryon StCharlotte, NC 28213",(704) 921-2221,1.5/5 reviews,bignons.com
Jz3-PGaPQCM758LNDjAL6g,Beauty By Natalie Red,"1225 S Church StCharlotte, NC 28203",(704) 830-6922,5.0/10 reviews,stylebarclt.com
OyDenDuQDDZ8-9GD8_KPcw,Ann’s Beauty Supply,"6119 S BlvdCharlotte, NC 28217",(704) 553-7049,4.5/8 reviews,
hBF2E5c12aD6EY36gCyhWA,That Finishing Touch Salon & Boutique,"5252 N Sharon Amity RdCharlotte, NC 28215",(704) 430-6468,no review,
UKxLaUkk2vHbiLl2HJLl-g,The Natural Hair Weave BarWeave,"333 Beattis Ford RdCharlotte, NC 28216",(704) 497-1697,no review,
sWVUI3VUSMTO7SXRN2otLA,Champagne Strands,"2000 S BlvdCharlotte, NC 28203",(704) 981-2726,5.0/6 reviews,champagnestrands.com
YyTNw1ENfOUETurA17mfJQ,Tata’s African Hair Braiding & WeavingWeaving,"5600 Albermarle RdCharlotte, NC 28212",(704) 488-6433,no review,
pHrKYe0CiLy91zin-v4yFg,A.K. Tresses,"8853 Arbor Creek DrCharlotte, NC 28269",(704) 802-9746,no review,aktresses.com
qlJD5jfbP2GdusJAgb4L4w,Shearly Chic Hair Design,"6324 Fairview RdCharlotte, NC 28210",(704) 770-6074,5.0/3 reviews,solasalonstudios.com
bR4qVmtYuo9WVta-kdjiDw,Hera By Him,"5309 E Independent AveCharlotte, NC 28212",(704) 568-8771,3.5/7 reviews,
js0eVE4m0g8qR7e9ULSCSw,New Seele Studio,"2000 S Blvd,Ste 127Charlotte, NC 28203",(989) 640-6136,5.0/12 reviews,newseelestudio.com
c7_26aFTcgu169GTTQerSQ,KM Salon,"1440 S Tryon StCharlotte, NC 28203",(704) 373-0048,5.0/12 reviews,kmandcompanysalon.com
Prr-Cl_ivoc2DmVDJe6QHg,Sisters Beauty Supply,"3410 Wilkinson BlvdCharlotte, NC 28208",,5.0/1 review,
wrSVjSlDvBGq3iTwFkIN5w,All African Braiding & Weaving CenterWeaving,"2319 Central AveCharlotte, NC 28205",(704) 335-1313,no review,allafricanbraiding.com
tHdjvI6xtkHPwkIHROkQEw,Sharlina Studio,"1226 East BlvdCharlotte, NC 28203",(734) 926-5282,5.0/2 reviews,sharlinastudio.com
wNrZM5WpfLVzHnz9gRZ7ag,Queen’s of Hegai,"10210 Berkeley Place DrCharlotte, NC 28262",(704) 549-5722,no review,queensofhegaihairdesign.com
15dl3MU79S6AzUypP6LGjw,Mane.edits,"2314 Crescent AveCharlotte, NC 28207",(980) 202-2130,5.0/1 review,maneedits.com
Ra57a9yE3Uu6noSmQ8-3Og,Edo Professional Braiding & WeavingWeaving,"1001 E W T Harris BlvdCharlotte, NC 28213",(704) 780-5627,1.5/6 reviews,edohairbraiding.com
T2kwOCRplS94Z7xQ0U4bNg,Moyhe African Hair Braiding,"3109 Central AveCharlotte, NC 28205",(704) 537-3976,1.0/2 reviews,moyheafricanhairbraiding.com
jT6_T382SX87Fbej6-Teuw,Leigh Claiborne Hair,"2000 S BlvdCharlotte, NC 28203",(704) 236-4604,5.0/9 reviews,
EqeKuroFgfZNbx4X1--WNQ,Shear Bella Studio by Jennifer Nesbit,"6324 Fairview RdCharlotte, NC 28210",(704) 345-7610,5.0/3 reviews,
w-7woiBDhEAiJEr4tHOkiQ,Dapper Hair Design For Men,"1015 E BlvdCharlotte, NC 28203",(980) 312-2055,5.0/7 reviews,dapperhairdesign.com
JGJKGPH5H4k8K02WvvwfEg,Studio Ruby Woo,"2000 South BlvdCharlotte, NC 28203",(704) 770-7329,5.0/5 reviews,studiorubywoo.com
_WgtxsnqMnkZtA7oF3wOcg,Balayage by Danielle,"401 Hawthorne LnCharlotte, NC 28204",(704) 344-0224,5.0/7 reviews,balayagebydanielle.com
dVHwQg1SzagOlDczu3asWw,D’va Styles Beauty Bar,"8929 Jm Keynes DrCharlotte, NC 28262",(704) 605-9659,no review,dvastyles.com
u90t6Stb9W-_JEJkPU5O8g,Tabitha Osman,"9215 Monroe RdCharlotte, NC 28270",(704) 998-1901,5.0/6 reviews,charlottehair.com
-knUHsQQWE820PouL_ZF0g,Skylertized Hair Experience,"1427 South BlvdCharlotte, NC 28203",(909) 450-1691,no review,
CzzNxUeGmSwE5k2YTr5Fjw,Ashley Marie,"129 N Poplar StCharlotte, NC 28202",(704) 369-7070,5.0/10 reviews,ashleymariehair.com
HIwoSB4OSG9ErAfH3gSOzA,Sola Salon Studios,"2000 S BlvdCharlotte, NC 28203",(919) 247-9921,5.0/3 reviews,solasalonstudios.com/store/at…
rIb7o-Ia2LKNcsfy3CYLJA,Mirror Bomb Studio,"511 E 36th StCharlotte, NC 28205",(704) 606-8167,4.0/4 reviews,mirrorbombstudio.com
5RhFeOzdGaqAl6B9uL5paw,Selwyn Avenue Salon,"2839 Selwyn AveCharlotte, NC 28209",(704) 372-6861,5.0/2 reviews,selwynavenuesalon.com
7Q_0PW_AMFnr5Q2dYvZ1UQ,B + Co,"4600 Park RdCharlotte, NC 28209",(704) 659-3444,5.0/3 reviews,bandcohair.com
jBR4WSqJSd6VunC42AI9YQ,Southend Hair Studio,"304 E Worthington AveCharlotte, NC 28203",(704) 957-0931,5.0/4 reviews,
yjb1sTfWogx2UnoGL6p59Q,Hair Moda Studio,"411 S Sharon Amity RdCharlotte, NC 28211",(704) 844-0354,5.0/1 review,hairmodastudio.com
UZUiGUci8f06RP0g1vXsDA,Stella Salon,"4600 Park RdCharlotte, NC 28209",(704) 737-8606,5.0/4 reviews,
8CaHSfHXWiXWdqcZspYWJQ,Zombie Snott,"1318 Central AveCharlotte, NC 28205",(704) 333-8785,5.0/1 review,
HCscYE62De8-64uAB83daw,Vanezza Herrera Salon,"4600 Park RdCharlotte, NC 28209",(704) 244-2173,5.0/4 reviews,vanezzaherrerasalon.glossgeni…
pE70K2csQTNPhbuXedB7sg,Michael David Salon,"312 N Myers StCharlotte, NC 28202",,5.0/2 reviews,
ZDe20ANksQ-nCjtS4jDxGA,Jessi Jennings At Salon Lofts,"10216 Perimeter PkwyCharlotte, NC 28216",(704) 326-2256,5.0/7 reviews,salonlofts.com/jessi_jennings
CMwn2Z4M6GZz4SIv-HSIgw,Victorias Salon South Park,"6832 Morrison BlvdCharlotte, NC 28210",(704) 430-0715,5.0/3 reviews,
xWWToZfLRFPjZWYIpc3wAw,Tower Hair Styling,"301 S Tryon StCharlotte, NC 28282",(704) 372-7412,4.0/3 reviews,
PFvh60hnWXwpw7lRA1Nq2w,Wonderlab Salon,"4600 Park RdCharlotte, NC 28209",,5.0/3 reviews,wonderlabsalon.com
ac5IxJtz4RXhXXvmlV0TnQ,Parasol Hair Studio,"5126 Park RdCharlotte, NC 28209",,5.0/2 reviews,
RF8Cu9ELoMrwMlVN1MDbHQ,Dana Raia Bridal,"Charlotte, NC",(516) 209-7101,5.0/2 reviews,danaraiabridal.com
tPKX0V5y1lmOsJLcPPpH1A,Revive Salon,"3120 The PlzCharlotte, NC 28205",(980) 272-8161,5.0/1 review,alexbjones.com
VlJP-gjI3agTql58y7vQVA,Maverick Studio,"2133 SouthEnd DrCharlotte, NC 28203",(980) 322-2556,5.0/2 reviews,
ph-_aBVVSRZQcK1nEe5cDA,Beauty Asylum Hair & Makeup,"525 Grandin RdCharlotte, NC 28208",(980) 202-2655,5.0/4 reviews,beautyintervention.com
vb4495pKrdqPUSXnPWxNtQ,Megan At Har,"2000 S BlvdCharlotte, NC 28203",(704) 222-4746,5.0/1 review,
wlr8-lX4SFS7W-Mjh_lhjg,JSheetz Hair,"2151 Hawkins StrCharlotte, NC 28203",(704) 621-5451,5.0/1 review,
-PDsq1KOhR-C21u0kCRpqQ,Asalon,"8140 Providence RdCharlotte, NC 28277",(704) 340-6868,5.0/4 reviews,asalon.com
1nmjYVBhO0q3s6ldAXqPLA,The LALA Girl Makeup & Hair Mobile Grooming,"Charlotte, NC 28209",(704) 521-5266,4.5/13 reviews,thelalagirl.com
yiRebpbUGQoQyLEYNDd0JQ,Vaughn’s House of Coiffures,"5515 Monroe RdCharlotte, NC 28212",(704) 531-1212,5.0/1 review,
ehXhtAhs1FpowKO70Dy91w,The Hair Faerie,"601 Bladwin AveCharlotte, NC 28204",(704) 615-1565,no review,
ldposk4ibnIME98ewWIFQA,Almaz Bogale,"9215 Monroe RdCharlotte, NC 28270",(240) 997-2533,5.0/2 reviews,
km4UIp-FoDJ5NlNL5kN5kA,Five Star Barber Salon,"7808 S Tryon StCharlotte, NC 28273",(704) 504-0830,4.5/8 reviews,
uJ4jslCWOvtZd-8ZA31oVg,Salon Tribeca,"7510 Pineville-matthews RdCharlotte, NC 28226",(704) 752-1626,5.0/2 reviews,salontribeca.com
veL0Ch7vBr20a3ieiDHsug,One: The Salon,"6324 Fairview RdCharlotte, NC 28210",(704) 271-1688,5.0/3 reviews,joshcostner.wix.com/1salon
0g3FlpqH4m-W6i32cJboYw,Tennehs African Braiding Salon,"2824 The PlzCharlotte, NC 28205",(704) 332-7040,3.0/2 reviews,
R4ziU5FOIZ5jnbWFxVrCdA,Fringe Salon,"6324 Fairview RdCharlotte, NC 28210",(704) 615-7047,5.0/1 review,
3GFgbV8w3JNf0daZQsuDoA,Exclusively Your’s Hair Design Inc,"1603 West BlvdCharlotte, NC 28208",(704) 376-1328,5.0/1 review,
jG8ISbNYhQvlCHMIIPp0LA,Lenox Salons,"12355 N Community House RdCharlotte, NC 28277",(704) 430-5372,3.0/2 reviews,
PpbHf2UASddlmzTIbW0t3Q,Salon Stilettos,"3452 N Davidson StCharlotte, NC 28205",(757) 344-5519,5.0/1 review,
zzm9aR0UHEEEYdsR_zKcuw,Serenity Hair Spa by Lauren,"12335 N Community House RdCharlotte, NC 28277",(704) 541-1101,5.0/4 reviews,serenityhairspa16131.com
abQwQwkh2QApwCwAGyb4sw,Intensity Hair Studio,"Charlotte, NC 28208",(704) 299-6736,5.0/1 review,
E5eu4F08J8DhuhNNvbU_kw,Simply Divine Cuts,"2512 Westinghouse BlvdCharlotte, NC 28277",(980) 272-8238,5.0/2 reviews,
JZsO2GcEBgs8mVxH4SYbgA,Colonial Barber Shop,"1041 A-Providence RdCharlotte, NC 28207",(704) 333-2418,3.5/4 reviews,colonialbarber.com
QC1qMPPNWfihUzcVzd5ttw,Image by Bignon’s,"7524 S Tryon StCharlotte, NC 28217",(704) 918-5055,3.0/14 reviews,bignons.com
wc2HjH8X4Il5-QsU0uQAqA,Simply Beautiful Artistry,"8501 Tower Point DrCharlotte, NC 28227",(704) 712-5335,5.0/1 review,simplybeautifulartistry.com
_XU8cF6ltH4cEGzL5YPGVQ,EB Beauty Supply,"5301 S BlvdCharlotte, NC 28210",,4.0/1 review,
WoJN9oOwiWrOsqqUp4J1Eg,Yelena Kovalev Artistry Salon,"9852 Rea RdCharlotte, NC 28277",(413) 455-9250,5.0/2 reviews,
XPRZD6YLOhCCi5paC93d_w,Jbrookshairstudio,"2750 E Wt Harris BlvdCharlotte, NC 28213",(704) 905-0172,no review,
y1H152m_fBXDDT7Trzqiow,Rose African Hair Braiding & WeavingWeaving,"2927 Gibbon RdCharlotte, NC 28269",(704) 921-2632,3.0/1 review,
_JG_8-pczM_e4FG365jnJw,Angy’s Salon,"5025 N Tryon StCharlotte, NC 28213",,4.5/3 reviews,
vXlh4IbuIDjSLXZdX2qlMw,Ambiance Salon,"220 East BlvdCharlotte, NC 28203",(704) 342-1300,no review,
SbnkIXoqUsvoc5vAoQ7xwg,World of D’ZIRE,"4936 Albemarle RdCharlotte, NC 28205",(980) 636-7599,no review,
BJPhGHZUH8JLvc0aHX0_UA,White Lotus Studio,"8035 Providence RdCharlotte, NC 28277",(888) 671-9330,3.0/2 reviews,whitelotus-studio.com
yDCgb0EQbQ8lHnGS6HjYOw,Circle De Salon,"2015 East Arbors DrCharlotte, NC 28262",(646) 331-1333,4.5/8 reviews,circledesalon.com
61_eWCVWBHmfuJ8AW1zpJQ,Given’s Hair Braiding & WeavingWeaving,"70 Concord Commons Pl SWConcord, NC 28027",(704) 208-5138,2.5/3 reviews,concordhairbeautysalon.com
uU7ONcjWFvHUTcUds2fqTQ,Styles by Lisa,"4128 S BlvdCharlotte, NC 28209",(704) 202-8817,4.0/14 reviews,naturalstylesbylisa.com
3AhneMYvRxxfCPYXc41Hrg,Typh’s Braid Creations,"7146 E Independence BlvdCharlotte, NC 28227",(980) 299-8655,2.5/4 reviews,typhsbraids.com
NHqPkvt9ncQ0xrF7JwLs4A,Pretty Hair Braiding,"7928 Council PlMatthews, NC 30009",(704) 773-2520,3.0/2 reviews,prettyhairbraiding.com
ONqFnJJuLC3yPIV-esaItw,Blo Blow Dry Bar,"2850 Selwyn AveCharlotte, NC 28209",(704) 375-7110,4.0/42 reviews,blomedry.com
iOf9eDVHQ4uc4YM0PzcKiQ,Mali Hair Braiding and WeavingWeaving,"3039 G S BlvdCharlotte, NC 28209",(704) 309-3580,no review,malihairbraiding.com
SP4QpJxLHgJ1hCvjx2Et6g,Social Life Beauty Lounge,"10216 Perimeter PkwyCharlotte, NC 28216",(704) 942-8885,5.0/1 review,sociallifebeauty.com
oUVDgubhIjmw5k2nURutUw,Lina,"14021 Conlan CirCharlotte, NC 28277",(704) 877-9940,5.0/1 review,
IkrSa2EZ1a4fMzOA5cHCvw,Zig Zag Salon,"600 A Matthews Mint Hill RdMatthews, NC 28105",(704) 219-1400,5.0/5 reviews,thezigzagsalon.com
m1ZEeihQrwom9FfOMIR8Ew,StyleFX Hair Studio,"2000 S BlvdCharlotte, NC 28203",(704) 941-5365,2.5/6 reviews,stylefx.net
YxG-ZyQsbHMe2nC3JdRgtg,Buy Wise Beauty Supply,"2121 Beatties Ford RdCharlotte, NC 28216",(704) 392-6090,3.5/3 reviews,
sn9WGq8vxVdtR3HNzInhgw,Adorned Studio,"2000 S BlvdCharlotte, NC 28203",(704) 930-6824,no review,adornedstudio.com
IIyX3GdU6vXuW6YsggLulQ,Styles By Joni,"6324 Fairview RdCharlotte, NC 28210",(704) 807-5675,4.0/1 review,
zY4uXeG7m0wrSrPYKJT7-w,Mane & Beat Beauty Boutique,"2106A Ayrsley Town BlvdCharlotte, NC 28273",(704) 625-6023,3.0/2 reviews,maneandbeat.com
OlYexOZhZLKtq39MhjiFAQ,Make You Better Hair Studio,"4936 Albemarle RdCharlotte, NC 28205",(704) 449-4052,4.0/1 review,makeyoubetterhairstudio.com
C5N_VE_Tca8c_AsVsyZ87w,Kady’s African Hair Braiding & WeavingWeaving,"9605 N Tryon StCharlotte, NC 28262",(704) 421-6870,no review,
b3TJKR_V1wHK6Kd82FT0aQ,Madusas African Hair Braiding,"1125 E Sugar Creek RdCharlotte, NC 28205",(704) 334-4452,3.5/3 reviews,
FKw3wRfqtT0kOCBuP4vo2A,POPPY Southend Salon,"2000 South BlvdCharlotte, NC 28203",(904) 434-0910,4.5/27 reviews,poppysouthendsalon.wix.com/po…
PF67sO-johgPtyHR1b4WwQ,Rider Stephanie,"4904 Park RdCharlotte, NC 28209",(704) 777-5240,3.0/2 reviews,stephanierider.com
9JJKy0FYZBWMHKsk2W43Iw,Structure Metro Studio,"1015 E BlvdCharlotte, NC 28203",(980) 213-8369,4.0/2 reviews,structuremetrostudio.com
vJpYdhdfMlxQk5FmzGcs4g,Major Barbershop,"1015 East BlvdCharlotte, NC 28203",(704) 778-1187,4.5/28 reviews,
4zHBmhpLMKybuMzVsfNYTQ,African Touch Brading & Weaving SalonWeaving,"4600 Monroe RdCharlotte, NC 28205",(704) 332-3499,no review,
jbrJaSNdGHB1yu2c1NMfMg,Mali African Hair Braiding,"3039G S BlvdCharlotte, NC 28209",(980) 237-1747,3.0/1 review,malihairbraiding.com
kOBovcSY-unZmL2_iP-ZjQ,Hair Factory,"3325 Washburn AveCharlotte, NC 28205",(704) 358-8855,no review,
ypr_4HqTGFJWlO0XUKCOyQ,Stash Pad,"1216 Thomas AveCharlotte, NC 28205",(980) 224-7321,4.5/4 reviews,stashpadvintage.com
SQh7QNpY4-I5Y-TT6d6ufg,Iman Professional Braiding & WeavingWeaving,"4539 The PlzCharlotte, NC 28215",(704) 536-1200,no review,
WxKQSp2_6lQxcng703Hv8g,Aveda Institute Charlotte,"1520 South Blvd.Charlotte, NC 28203",(704) 333-9940,3.5/103 reviews,avedainstitutessouth.edu
KmHR7EswDFIjGxgVXSg8cw,Heavenly Beautiful Hair,"1303 Seigle AveCharlotte, NC 28205",(704) 526-0697,no review,
xAgAmbInVR6bgaId2i5dRg,Patrice Bidgood,"5611 S BlvdCharlotte, NC 28217",(704) 236-3156,5.0/1 review,
c_ZXqYj7J4zA_ueoffUIJA,Brittany At Urban I Salon,"1315 Harding PlCharlotte, NC 28204",(704) 408-0024,no review,urbanisalon.com
v02cCd-MIyZsRm5nXqMs1Q,Studio On Park,"2209 Park RdCharlotte, NC 28203",(704) 780-7610,5.0/2 reviews,
-J3_fJ9_p_12aVYA4sSBIA,Revival Hair Lounge,"12335 N Community House RdCharlotte, NC 28277",(704) 778-5900,5.0/7 reviews,revivalhairlounge.com
pisEv_d3lI9TaD_E86iXJw,Her Imports,"1427 South BlvdCharlotte, NC 28203",(704) 840-3986,no review,store.herimports.com
oz6My-vLubCHb6zT6w7YVw,Aspiring Beauty Salon,"5028 A South BlvdCharlotte, NC 28217",(704) 905-0019,no review,aspiringbeautysalon.com
JPfl-FJ98Aq4k2PJE268rA,African Twin Hair Braiding,"1506 Central AveCharlotte, NC 28205",(704) 503-9720,1.5/2 reviews,
KhZnmQUZY7aBGRA_aAUqqQ,VogaBeauty,"Charlotte, NC 28204",(929) 335-4526,5.0/2 reviews,vogabeauty.com
bIdPy-_IZF43mrOQu0birw,Elizabeth McHenry,"301 South Tryon StCharlotte, NC 28282",(980) 785-3762,no review,
EkRRhWTELQqaEmni12ULcA,Hair by Don Robinson,"1808 E 7th StCharlotte, NC 28204",(704) 348-4455,no review,
ja1Svo3pX0Z_flliTrukHg,Denise Antonacci Salon,"4810 Ashley Park LnCharlotte, NC 28210",(704) 362-6005,5.0/3 reviews,antonaccisalon.com
JvfVHDLm53aKMUmw_KkZDw,Chanel The Stylist,"5611 South BlvdCharlotte, NC 28217",(704) 282-3514,no review,
5oacnvj8RQSdOebiNRK6AQ,Chic Salon & Spa,"8633 Monroe RdCharlotte, NC 28212",(980) 207-1482,no review,chicsalonspaclt.com
1dWc0B9eeFJElsuUlDWRjg,Twin Hair Braiding,"6721 E Independence BlvdCharlotte, NC 28212",(704) 352-7897,no review,
4QoSP_MmKKguUOIb9O6jBg,Crochet Braid Elegance,"5300 Old Pineville RdCharlotte, NC 28217",(704) 953-4240,no review,salonincharlottenc.com
OxQyVlGk_MVjo8Yl-BtnLA,Styles By Shawn,"2400 Queen City DrCharlotte, NC 28208",(704) 503-6883,5.0/1 review,stylesbyshawn.com
qjoLStR8_-Ym-iDx7W9IiA,A Salon by Davon,"5300 Old Pineville RdCharlotte, NC 28217",(980) 267-2618,5.0/1 review,
5Z8A7pgR8zuUDAxzmSYncg,Hair by Tigi,"4128 S BlvdCharlotte, NC 28209",(980) 475-2235,no review,
hWB7sq-VsF16EN30Ny4qSA,Cutz By Jackie,"4740 Old Pineville RdCharlotte, NC 28217",(803) 665-2889,no review,mycutzbyjackie.com
o0jkKLGRlFsinFf1rabthg,Hair By Hilary Neal,"119 Brandywine RdCharlotte, NC 28209",(704) 777-3812,no review,
hTgk2st91Jx1t2rR2zPeqQ,structure metro salon,"2139 McClintock RdCharlotte, NC 28205",(980) 213-8369,1.0/1 review,
VOybDo8EqQKroXKU4JBcbw,Hair by Sandy Bixby,"2151 Hawkins StCharlotte, NC 28203",(704) 905-8865,no review,
2g6Q9kJwnUCFo1cs2qgSUQ,Salon 914,"8201 Arrowridge BlvdCharlotte, NC 28273",(803) 412-1607,3.5/3 reviews,
oaRJsnLNz1KPB7cepJ8yUw,Roland Conyers,"Charlotte, NC",(704) 369-6584,no review,rolandconyers.com
p-IISv9D6JnhgaLhdBuLFg,Outlaw Hair,"6324 Fairview RdCharlotte, NC 28210",(704) 674-7347,5.0/1 review,
nirDNFApJ-9ci3dNlOh5Tg,Foundation Studio,"8826 Arbor Creek DrCharlotte, NC 28269",(704) 733-0412,no review,
QPl3uYcKY-8FvGW4upW0Ww,Marquis Beauty Lounge,"2925 E Independence BlvdCharlotte, NC 28205",(704) 625-0093,no review,marquisbeautylounge.com
e8DXWJoDt8FrSUC-KnD3uQ,Roots2Ends Hair Care Specialist,"3501 S Tryon St ECharlotte, NC 28217",(704) 891-3723,no review,
zycbhhrrKqsONvLRE0I0Xw,Charnell Royal,"3130 Monroe RdCharlotte, NC 28205",(980) 474-0141,no review,styleseat.com/i/charnellroyal
TO6T5N92PaZf3L1xnUhAyQ,Glow Beauty & Brows,"9852 Rea RdCharlotte, NC 28277",(786) 546-2656,5.0/4 reviews,glowbeautyandlash.com
VPMH6liUAHP1DUBsWJtTVA,Caribbean Style Dominican Salon By Eloisa,"4724 Old Pineville RdCharlotte, NC 28217",(704) 733-0546,4.0/3 reviews,
WKSV0seNnDspHdi2XwVhmQ,Winsome Beauty Lounge,"6832 Morrison BlvdCharlotte, NC 28211",(980) 939-4811,5.0/1 review,winsomebeautylounge.com
dFvISS0bknYvqLVXzUG9_Q,The Proper Dandylion,"6324 Fairview RdCharlotte, NC 28210",(704) 951-4247,5.0/1 review,theproperdandylion.com
fAKCA6CYhh5fC7SBMhqnEQ,Alexis African Hair Braiding,"1610 Ashley RdCharlotte, NC 28208",(704) 222-7418,1.0/3 reviews,alexisafricanhairbraiding.com
6ktCWcZZWj8mhLIrjB_DRg,Colours And Contours,"4735 Sharon RdCharlotte, NC 28210",,no review,
LpRAcz0GnQBqXcgLk9qU6Q,Palazzo Di Glamour,"4414 E Independence BlvdCharlotte, NC 28205",(704) 575-7228,no review,
yoWW5Soj45Dudrxj0Y9V3Q,Touched By Nika,"3631 StatesvilleCharlotte, NC 28206",(704) 931-8262,no review,touchedbynika.com
Rjla-WErpmEox6tBpFLwPA,Body Me Virgin Hair Collection,"Charlotte, NC 28213",(704) 502-1769,no review,bodymevirginhaircollection.com
NYwOmekv081LzZ5RMw_USw,Natalie Marie Hair,"1225 S Church StCharlotte, NC 28203",(828) 242-6121,5.0/1 review,stylebarclt.com
eggw-wCMZlk3RtzF4rVVDQ,Le Élégant By Meg Dianne,"Charlotte, NC",(843) 212-6703,no review,
xkwXfICbsFaDusjXiBAwbw,Makeup Twin Artistry,"Charlotte, NC 28210",(704) 200-1697,no review,makeuptwinartistry.com
PZNEs78_s-uWJOgQe9bpBQ,KeKe Stylz Natural Hair,"3501 S Tryon StCharlotte, NC 28217",(704) 634-3105,no review,
S51hd1jI1SK7VCtOPkVN2Q,Hair Premier Barber and Beauty Salon,"9548 Mt Holly Huntersville RdCharlotte, NC 28078",(980) 729-0722,1.0/1 review,
RcK1rZMbEx-Hcs-smZddyA,Hair By Court_T,"Charlotte, NC 28205",(336) 587-8403,no review,
xc7nD-xhHI-XeqkfoDCSEw,Allusion Hair Salon,"5212 Monroe RdCharlotte, NC 28205",(704) 589-6325,no review,allusionhairsalon.com
-ZsGfFZqiAD_1mJ66Qmpng,JC Reflections,"6832 Morrison BlvdCharlotte, NC 28211",(980) 221-4375,no review,
_YNwT_2WQoeLApPkhPIV4A,Modern Salon & Spa | Phillips Place,"6908 Phillips Place CtCharlotte, NC 28210",(704) 339-0909,no review,modernsalonandspa.com
jprlMwuaNOcasaguG98KSQ,Structure Metro Studio,"2918 N Davidson StCharlotte, NC 28205",(980) 213-8369,no review,structuremetrostudio.com
AIaCpmhIzUqKvWXDxKSd1w,Studio I By Victoria,"4600 Park RdCharlotte, NC 28209",(704) 691-5123,3.0/2 reviews,studio-i-byvictoria.com
pMUTeLIjgwCmKC87m-DgPg,The Makeup Team of Charlotte,"3427 Steel Yard CtCharlotte, NC 28205",(704) 389-0029,no review,themakeupteamcharlotte.com
qC9VknmpB0uf4qBdo2YyuQ,Sista Locks and Braids,"1504 Beatties Ford RdCharlotte, NC 28216",(704) 395-6005,no review,sistaloc.org
jBMrOBaHrV-zeQwcM_kqlw,Daba’s African Hair Braiding,"3045 Freedom DrCharlotte, NC 28208",(704) 398-9229,1.0/1 review,dabaafricanhairbraiding.com
-u6jyGXDH_q7p5EttoGnXA,TNT Hair Solutions,"2342 Beatties Ford RdCharlotte, NC 28216",(980) 406-3274,no review,tnthairsolutions.com
XGBidqBdF8dVxDLLDIy6Dw,Gladys Salon,"7701 Sharon Lakes RdCharlotte, NC 28210",(704) 245-9020,no review,
oPFMvAfuhDHLl173NkJZYA,Andrea Langdon,"14136 Rivergate PkwyCharlotte, NC 28273",(803) 412-9444,no review,
4otWbWbBefdbi_ibTT_cdQ,Atelier Salon,"12335 N Community House RdCharlotte, NC 28277",(225) 333-6836,no review,
BpCgaM_P7IsHtQJcmW48BQ,Exclusive Hair by Donna,"520 Collins-Aikman DrCharlotte, NC 28262",(980) 319-6335,no review,exclusivehairbydonna.com
c71c48hKp_TGpeRV_cX18g,Elevation African Hair Braiding,"5736 N Tryon StCharlotte, NC 28213",(980) 209-9780,no review,elevationbraids.com
U7kceQ996VeOXkq3MAU9yA,Aicha African Hair Braiding,"6308 The PlzCharlotte, NC 28215",(704) 536-0086,no review,aichaafricanhairbraiding.com
OOzc9qdIRds1W07Ajwe82w,Lisa Reavis,"9215 Monroe RdCharlotte, NC 28270",(704) 975-5525,5.0/1 review,mosaicsalons.com
ECDHBHMWFkHZuyUe5zy_Ow,Lisa Reavis @ Mosaic Salons,"9215 Monroe RdCharlotte, NC 28270",(704) 975-5525,no review,mosaicsalons.com
c7BvG0kktEC8Aa8w_gZWdw,Nicole Stover Hair,"5107 Piper Station DrCharlotte, NC 28277",(704) 559-9832,2.0/1 review,nicolestoverhair.com
oH_gY8UjgmCqIiWyikQpcg,Exclusively Yours Hair Care & Weaving CenterWeaving,"5511 Monroe RdCharlotte, NC 28212",(704) 532-1616,no review,
tE2JoOqpZyICYu3DB0c59w,D&A Beauty Bar,"Covington Commons DrCharlotte, NC 28227",(704) 750-2162,no review,
LUbHywYMf8Elqow4cUQ1lA,Aabies Hair Braiding & Weave HavenWeave,"616 Eastway DrCharlotte, NC 28205",(704) 370-0828,1.0/2 reviews,
ZHMcRwW45ENgcz6Zttq_Hw,Hair By Pam,"10701 Park RdCharlotte, NC 28210",(704) 293-9840,no review,
gzAkflh4xoG0sLvhyPPOOA,Tynese Bradley,"Matthews, NC 28105",(704) 626-9006,5.0/3 reviews,
RDdcPoicPzNiZwGe4jZ9yA,Morris Costumes,"4300 Monroe RdCharlotte, NC 28205",(704) 333-4653,3.5/23 reviews,morriscostumes.com
vjtKg6ZUJOYCNm6OlAiewg,Jon Cuv African Hair Braiding & WeavingWeaving,"6021 The PlzCharlotte, NC 28215",(704) 531-3311,no review,
t0bbiPBaWsIkixhcQ5em5A,Roula Makkas Salon,"8035 Providence RdCharlotte, NC 28277",(704) 995-0432,no review,
4mtMcOL4aSmO0Tqkgd25fg,Tyrone Crosby,"1525 West W T Harris BlvdCharlotte, NC 28262",(704) 890-9040,no review,
1VGoJAMvVuLdTx6HJMR4jw,Tyrone Crosby Hair and Nails,"7945 N Tryon StCharlotte, NC 28262",(704) 890-9040,no review,
rQT268rHeXSFnRoA1bZQJQ,Leila Seyf - Carmel Day Spa & Salon,"6219 Carmel RdCharlotte, NC 28226",(704) 619-2066,no review,carmeldayspa.com
FRtzUVTDobB7rW1ZLmPfPA,Glam Headz,"8929 J M Keynes DrCharlotte, NC 28262",(704) 750-5006,5.0/1 review,glamheadz.com
ix7Kq57vrUejWUJp6u0Upg,The Cutting Room Salon,"8035 Providence RdCharlotte, NC 28277",(704) 890-3535,no review,cuttingroomcharlotte.com
4Rywb7Fkbj_4yCfQQD8ShQ,Heather Wells of Mansfield & Co Hair Salon,"7731 Little AveCharlotte, NC 28226",(980) 254-8478,5.0/1 review,
xZj_Z_lJDaeiq1PbEkJlcw,Vanity Studio,"4600 Park RdCharlotte, NC 28209",(980) 298-9772,no review,
66O6Ect39FIhwWA08rfAdg,QuetheStylist,"110 W Matthews StCharlotte, NC 28105",(704) 313-8785,5.0/1 review,quethestylist.com
OBCtvfXk7T8tXVI1RONsbg,R3 Hair Studio,,(704) 835-0645,no review,r3hairstudio.com
IlWK-yNYG2Fb1hd-HmTDWg,Born 2 Shyne Hair Studio,"8929JMKEYNES DrCharlotte, NC 28262",(704) 449-2427,no review,born2shyne.webs.com
A474U2N25RTAJbtt6z2pCQ,Trimz & Fadez Grooming Studio,"1001 E Wt Harris BlvdCharlotte, NC 28216",(704) 313-8302,5.0/1 review,tretrimz.com
V3zTJY4eJy2n5K6VjClX0w,Happy Hair Braiding,"9605 N Tryon StCharlotte, NC 28262",(980) 335-0055,3.0/2 reviews,happyhairbraiding.com
JD5s2UCdhK7xAZLZSAtkiA,Make Me By Joya,"Charlotte, NC 28216",(917) 242-7900,no review,makemebyjoya.com
IJh6OZjInGN6t8vYrygHXQ,Toni Anthony,"9010 Glenwater DrCharlotte, NC 28262",(704) 572-8946,no review,moda-nc.com
EcG4xaUWMIjf5TcGUIj9MQ,Connie Nagle,"1225 S Church StCharlotte, NC 28203",(704) 778-8091,5.0/1 review,
w-TZOz9WpehwUjRW4sRjqQ,Kristi Lippard,"110 W Matthews StMatthews, NC 28105",(999) 555-0000,3.0/2 reviews,hairbykristilippard.com
9loWSJFQ_Zsc3NrZoXQgIg,Hair Naturale,"2558 W Main StRock Hill, SC 29732",(803) 327-0032,2.0/3 reviews,
mhHfyx-Sk_dYshRFCZvLdA,Jackhuang,"2015 E  Arbors Dr Studio  Ste 110Charlotte, NC 28262",(646) 331-1333,no review,
Z50D7Wy-KHApFPDtBs8aTA,Meghan Moore - Be You Tiful,"7928 Council PlMatthews, NC 28105",(980) 474-6422,5.0/3 reviews,beyoutifulhairandmakeup.com
ZWFwUOPFy9QrgAALhz_V1w,Sunnie Z’s Salon,"13115 Rosedale Hill AveHuntersville, NC 28078",(704) 999-9872,5.0/12 reviews,
yvAOKBqaSkG2m-isWkiAnA,Izel Salon Studio,"2317 Thrift RdCharlotte, NC 28208",(704) 352-5466,no review,izelsalonstudio.com
jMb0_BR4XjOLYjv7fEfmCg,Ramou’s African Hair Braiding,"4820 N Tryon StCharlotte, NC 28213",(704) 458-9606,no review,ramous.net
7N1Xw_2fG-LHnQ9IXW0b7g,Kennedy,"1333 Harding PlCharlotte, NC 28204",(980) 250-9481,no review,
7STZm6AjIwXvBVAVjqqo6Q,Hair By Ashley Silver - Borealis Salon,"1317 Berkeley AveCharlotte, NC 28205",(412) 841-2828,no review,
vjI1vMAm9BvoHinClU3Isw,J Noel Lance Hair Design - Borealis Salon,"1317 Berkeley AveCharlotte, NC 28204",(704) 287-8434,no review,
o1bP6gVX2Q1Usgy4kxGpAQ,Stylush salon,"10215 Prosperity Park DrCharlotte, NC 28269",(704) 942-8863,no review,
qJiLrm3zwTUWyX5pXbGdyQ,Lam’s Hair Design,"4520 N Tryon StCharlotte, NC 28213",(919) 998-6789,1.0/4 reviews,
jyVs6vcx325h3XzB29cOBg,The Salon and Spa On Main St,"123 N Main StMount Holly, NC 28120",(704) 827-0733,4.0/3 reviews,
Qb_mBo4IJgZbXmsktESjVg,Aabie’s Hair Braiding,"5030 N Tryon StCharlotte, NC 28213",(704) 509-0190,1.5/14 reviews,
CBMUoCdiJPWUThuUa2zVRA,HCP Hair Company,"2925 E Independence BlvdCharlotte, NC 28205",(704) 912-5677,5.0/1 review,hcphaircompany.com
yI95--Feir3iexM6uzsvcA,"Kai Griffin Fitness, Health, Wellness & Beauty","1015 E Blvd CharlotteCharlotte, NC 28205",(704) 334-2312,no review,
X0YVNHd-z4DWjmY6Kjv9Zw,Nana Hair Queen,"2408 Central AveCharlotte, NC 28205",(704) 493-9693,no review,nanahairstyles.vpweb.com
l-BH6ZnRvtshOEsU_bSgnQ,Shauna,"Charlotte, NC 28202",(980) 226-3163,no review,
GmxDqbFnj0oErnBw0YQP0g,Relaxer Experts,"4820 Monroe RdCharlotte, NC 28205",(704) 535-6978,no review,
zAsq1D4nbrWe9opfvOdwsQ,La’bella MAFIA Beauty Agency,"4401 Sharon RdCharlotte, NC 28211",(855) 526-2342,no review,labellamafiabeaute.com
RhTXsW6tbyoQVjE2dk9inQ,Toki,"5205 A Monroe RdCharlotte, NC 28205",(980) 722-7879,no review,
Hng1ber2RIzKEmEjL5p7hw,Moca Salon,"5513 Monroe RdCharlotte, NC 28212",(704) 202-0057,no review,
Q3DYli4PvAeF16KxWFNH4w,Catherine St Onge,"600A Matthews-Mint Hill RdMatthews, NC 28105",(704) 517-0033,5.0/1 review,catherinestonge.com
l4LhhgL64pPEr9tQxRfR5g,The Glam Beauty Bar,"8825 Arbor Creek DrCharlotte, NC 28269",(704) 948-2300,no review,
e7Jf6PfiPCgxCCXCo0z3lA,Portofolio Peluqueria,"6407 South BlvdCharlotte, NC 28217",(704) 643-5553,no review,
yW4ynnZS5FEG1ExahJ3tVw,Cali Stott Artistry,"Charlotte, NC 28104",(801) 882-5429,no review,calistottartistry.com
iavG0wVmbUa3XPmliCmzeQ,Monte Bella Salon,"10610 Independence Pointe PkwyMatthews, NC 28105",(704) 844-0500,4.5/6 reviews,montebellasalon.com
YSGTfw8_fFLZbsgxGvbbWA,Style Me Prettie Hair Design,"219 Main StPineville, NC 28134",(704) 502-1368,5.0/5 reviews,stylemeprettie.com
gIc_vroB-7Hm3nJ-n5aV4w,Nicole Kroeger,"20619 Torrence Chapel RdCornelius, NC 28031",(864) 650-0849,5.0/15 reviews,nicolekroeger.com
SVI6l2cLSpFo80X3rnWdFg,Story Hair & Makeup Studio,"7928 Council PlMatthews, NC 28105",(704) 747-7081,5.0/1 review,storyhairandmakeupstudio.com
oDk8c7FiSzmAHbMVMNN3WQ,Rock Hill Mart,"721 Albright RdRock Hill, SC 29730",(803) 325-1113,3.0/2 reviews,
R8c3d1EOmpzUJpmG4xfGoQ,Christopher Peay,"8700 Pineville Matthews RdCharlotte, NC 28226",(803) 403-7384,no review,
dGcud0ZO620YwlJo0XJnOg,Hair By Eric Tory Brown,"6656 Carmel RdCharlotte, NC 28226",(803) 370-4167,no review,
jZi9HAb1CcccKDfGM-K42w,Candace Bloch - Salon Collage II,"6656 Carmel RdCharlotte, NC 28226",(704) 618-3478,no review,
4XKcyC6t3SgCsjglNIx8xw,Revolution by Elony,"11121 Carmel Commons BlvdCharlotte, NC 28226",(980) 267-0314,no review,
34yLmmGHY8akF7o3v4j2vQ,Missha Beauty,"3416 Wilkinson BlvdCharlotte, NC 28208",(704) 391-5535,3.0/4 reviews,
-r_qf3hyZOn_3tQFeJX2Qw,Shear Ambiance,"1514 Concord AveMonroe, NC 28110",(704) 225-7272,no review,
AmFvFtevrZL4ORiFZIUAOQ,Shannon Hair Loft 24,"14815 Ballantyne Village Way, Ste 240 Loft 24Charlotte, NC 28277",(704) 779-3271,5.0/1 review,salonlofts.com/shannon_slinge…
7TbWixgKPTrojJpXJij9xA,Rocked By Qween,"520 Collins-Aikman DrCharlotte, NC 28262",(909) 325-5678,no review,
3ah4KdMHriUcJrgQ5SEy7g,Jolie Cheveux Salon,"12335 N Community House RdCharlotte, NC 28277",(704) 904-1811,no review,joliecheveux.com
ufvRWmFODxiPN29-kkOjFQ,Clippers Barber Shop,"10100 Moores Chapel RdCharlotte, NC 28214",(704) 399-9699,no review,
8zHsx7l6h-FVjzR3VOwC6Q,Lux Glamorous Wigs & Company,"3720 N Tryon StCharlotte, NC 28206",(757) 289-2020,no review,diverseartistrysalon.com
h2phaM2x42abgML2JVsfYQ,Glammed & Groomed,"Charlotte, NC 28214",(704) 839-3451,no review,glammedandgroomed.com
QLX02NWL3Ea8NDqcPwznIw,New Phaces Barbers & Stylist,"8535 Hankins RdCharlotte, NC 28269",(980) 939-1359,no review,newphacesbarbers.com
XTr41LWu1OYqSGHMsJyjRA,Beauty 101,"5720 E Independence BlvdCharlotte, NC 28212",(704) 535-5777,no review,
O7anogCTlu_88SUxkZcidQ,Jack Huang,"2015 E Arbors Dr, Studio 110Charlotte, NC 28262",(646) 331-1333,no review,
X_bJ1eCgNqIMqDaXETBDeQ,Southern Roots Salon,"210 Rockmont DrFort Mill, SC 29708",(803) 802-7674,5.0/4 reviews,
WK5OuhaFLHAtjLL-quFQYg,Salon On Spring,"211 Spring StBelmont, NC 28012",(704) 309-3778,5.0/1 review,
kud5pbSAfIGIyzWg9KgXtw,Alex Hair Salon,"11318 N Community House RdCharlotte, NC 28277",(980) 226-5206,3.5/3 reviews,alexhairsalon.com
Y5nXhAQ6bzLM56BYhAh2KQ,Colour by Candace,"11632 Provincetowne DrCharlotte, NC 28277",(704) 989-9773,no review,colourbycandace.com
DQXuqJnOgmGmqz0mT-N6rw,Choco Beauty Supply & Hair Braiding,"1708 Harris Houston RdCharlotte, NC 28262",(704) 957-2191,no review,
MT5k9XIoikhEKyomANPUMw,Hair Solutions,"2913 Lane StKannapolis, NC 28083",(704) 933-5201,no review,
6aAepyJnC39si1LX9CfYsQ,SmartStyle,,(803) 547-4445,5.0/2 reviews,smartstyle.com
LrbLZKu1zMY_HDJsL2e6VQ,Studio B Salon,"6601 Old Monroe RdIndian Trail, NC 28079",(704) 488-4083,5.0/6 reviews,beautybystudiob.com
hTVP6gcuc0WDJG6tFQ6zVA,No Grease Barbershop,"11025 Carolina Place PkwyPineville, NC 28134",(704) 733-9124,3.5/9 reviews,nogrease.com
1-JJoAKPSsAiWkNW-5EMSA,Persuasion Virgin Hair,"6154 Balsam Fir DrCharlotte, NC 28212",(980) 215-9407,no review,
WCnTReUTGzWMF7MPkqpdVQ,The Hair Lounge,"4540 Motorsports DrConcord, NC 28027",(704) 723-9545,5.0/1 review,thehairloungestudio.com
o0XC2zUscTBhx58xe0frYw,Hair Design by Lana,"9705 Northeast PkwyMatthews, NC 28105",(704) 770-8825,no review,
3xjXDJ45da2vQfTQk8CNMA,Samantha Hildebrand,"9949 E Independence BlvdMatthews, NC 28105",(704) 724-1357,5.0/1 review,salonlofts.com/samantha_hilde…
vi2UlcBHPlGMTbGWO1e2-w,Hair by Cherie Dillon,"15800 Northcross DrHuntersville, NC 28078",(704) 904-1141,5.0/3 reviews,hairbycheriedillon.com
IQfn3iTOcLMsVOHWr2WDqg,Moyhe’s Hair Braiding & WeavingWeaving,"700 Church St NConcord, NC 28025",(704) 788-8807,no review,
QVtDPLSxtZHfKTWU5hJPXg,Dana Gaines - Mirror Mirror Salon,"930 Park Center DrMatthews, SC 28105",(407) 415-6645,no review,rizsalons.com
W2kwQxKWekoAvbq-gB7cfg,Headline Studio,"7928 Council PlMatthews, NC 28105",(704) 841-1993,no review,headlinestudio.net
UQN2Odsicm_h3jmZkK24qQ,Holly M Smith - Monte Bella Salon,"10610 Indwpendence Pointe PkwyMatthews, NC 28105",(704) 564-1130,no review,montebellasalon.com
2isfNQnMhtY9gEhbhITAfQ,Pixie,"7928 Council PlMatthews, NC 28105",(704) 981-0672,no review,
EtCnHkNpnb7UpibO7TlgDA,Hair By Hailey Barbee,"4248 Hwy 49 SHarrisburg, NC 28075",(980) 328-9394,no review,
UFEsm01ho9Llixd4jEAGlg,Kasey’s Creations,"15800 Northcross DrHuntersville, NC 28078",(704) 918-8088,5.0/3 reviews,
s8wbgYwHKChI4hyTi-wWkw,Hair Solutions,"2111 E Main StLincolnton, NC 28092",(704) 748-9111,no review,
6y99mginqLX01KAcurq1mg,Beauty101,"217 Gay StKannapolis, NC 28081",(704) 213-4753,5.0/1 review,
A34eNfvNiWxuP8cmw3ke0A,Beauty Queen,"8633 Concord Mills BlvdConcord, NC 28027",(704) 496-9676,5.0/2 reviews,
F4teXfjwS0-iymobcBBKZQ,JLI Salon,"15800 Northcross DrHuntersville, NC 28078",(704) 890-7629,5.0/1 review,
IGWkKvJSHVZ5rtgiCTykVQ,Simply Beautiful Wig Salon,"8846 Arbor Creek DrCharlotte, NC 28269",(704) 274-5813,no review,
1igEVlk2jnvRN59ELtr0Tg,Shear Xcellence,"713 Crossroads PlzFort Mill, SC 29708",(803) 396-8722,3.0/2 reviews,shearxcellence.com
t6BSYfIQSPFLa-iaFu2WuQ,Estrema Bellezza Salon and Spa,"20830 Torance Chapel Rd ,Ste GCornelius, NC 28031",(704) 763-1246,5.0/3 reviews,erikastylist.com
vFYCCoP1fPUA9pnQ3bt3yA,Hair by Kayla Anderson,"1517 Ebenezer RdRock Hill, SC 29732",(803) 524-4966,5.0/1 review,
5ySs13a1y665Iq_Dhi_pBQ,PLUSH Hair Lounge,"115 Unionville Indian Trail RdIndian Trail, NC 28079",(704) 565-9688,no review,
epqZgUhq7Nkm2MZYyAgKBA,Jes’ Style,"2848 Pleasant RdFort Mill, SC 29708",(803) 230-5012,5.0/1 review,
gdBUyKjH8fXScjgKJDu_qg,Robin Bachnik Hair Artistry,"20619 Torrence Chapel RdCornelius, NC 28031",(704) 517-1795,5.0/2 reviews,
Kt0_t7qInuDO9ccrovMpVg,She Chic At Salon Sabeli,"20830 Torrence Chapel RdCornelius, NC 28031",(704) 996-8312,5.0/1 review,
LcyLoR1BHzhozBlkD6hZBw,Dye For You Hair Studio,"12024 University City BlvdHarrisburg, NC 28213",(704) 743-6355,no review,dyeforyouhairstudio.com/home
RZzpKBZY2dqNEHem97qkjQ,Sport Clips,"14039 Hwy 74Indian Trail, NC 28079",(704) 882-8384,3.5/4 reviews,sportclips.com
Ru-6MU8jOqrpwlWAKV9zJw,Caleb Herron,"1125 Charlotte AveRock Hill, SC 29732",(803) 329-1188,5.0/1 review,
hd2sxo0DCFLe_XlbVphUzw,EnVision Hair Studio,"19900 S Main StCornelius, NC 28031",(704) 892-8448,5.0/1 review,envisionhairstudio.net
g-y9FE61kQL2cWvow7AsYw,HairColor Specialist,"423 Beatty DrBelmont, NC 28012",(704) 691-7144,no review,haircolorspecialist.moonfruit…
e9BceZ_440DVAAEHfsMqQQ,1133 South End Salon,"1133 S Main StMount Holly, NC 28120",(704) 601-5028,no review,1133southendsalon.com
L0_QEPLlD6yhz0vBWZ7LFQ,Evolve Artistry and Salon,,(803) 324-4090,4.5/7 reviews,evolveartistryandsalon.com
EH5byw-vdKtD3XnJO4GsYw,The Color Bar Hair Salon & Day Spa,"3905-B Providence Rd SWaxhaw, NC 28173",(704) 243-5433,3.0/16 reviews,thecolorbarhairsalonwaxhaw.com
cDxrCqHjS-yANbgoaIKb6A,Tina Love,"7202 Matthews-Mint Hill RdMint Hill, NC 28227",(704) 776-5308,no review,hotheadssalon.webs.com
bFXjvQ2F6LqPESAyaIYSOA,God Head Studios,"1110 Sam Newell RdMatthews, NC 28105",(704) 890-5260,no review,godheadhair-inc.com
a1zr-KZvsEJYJ6fTJH9GGg,N’Chanting X’Tensions,"6601 Old Monroe RdIndian Trail, NC 28079",(980) 349-6455,no review,
CmCVYu58J447IX_say_X6g,Hair By Mo,"4248 Hwy 49 SHarrisburg, NC 28075",(802) 279-3556,no review,
n6w9mx9zBiURb1XQ4JhOSQ,Sultry Hair By Paige at the Shear Shoppe,"15401 Hwy 73Huntersville, NC 28078",(704) 201-4440,5.0/1 review,
Le7WPJEu8Zg-s6PjThEhxA,Hair By Leslie,"119 Center StCramerton, NC 28012",(704) 616-6959,no review,gastonhair.com
r6sL9QiVq2jFd3hYgzcuNQ,Mahalo Salon,"131 Evergreen RdLake Wylie, SC 29710",(803) 831-1988,2.5/3 reviews,mahalosalon.com
VyS6_cKVq8rpZTrmv1DV6w,Uptown Salon,"106 S Main StMount Holly, NC 28120",,no review,
jvHkhcdtkAPUCVWuIYVyrQ,Touba African Hair Braiding,"500 S Cherry RdRock Hill, SC 29730",(803) 329-5097,3.0/1 review,toubaafricanhairbraidingusa.c…
4Csxvv3EbXbV3_oIlE6fnQ,Ashley Lee,"115 Main StFort Mill, SC 29715",(803) 487-2351,no review,
qWvroAc27hT1U7e9RI7WVA,Papillons Hair Design,"141 Spratt StFort Mill, SC 29715",(803) 547-7717,5.0/1 review,papillonhairdesign.com
rjA4iYvlqKAy_SvGxSdaXg,Creative Hair Designs,"104 Rankin AveMount Holly, NC 28120",(980) 277-8283,no review,
qQJtHhDWvh95tK8UfaFIiw,Pin Me Pretty,"16623 Birkdale Commons PkwyHuntersville, NC 28078",(704) 877-0837,no review,pinmepretty.com
ZkSoL7OkT6KkupX36V10Og,Wesley Chapel,"5945 Weddington-Monroe Rd,Ste 103Matthews, NC 28104",(704) 821-7536,no review,
_sp7zlXjFKxS1rWyIL7-Sw,Roland’s Wig Salon,"1730 Matthews Township PkwyMatthews, NC 28105",(704) 502-8749,5.0/1 review,rolandswigsalon.com
HSCuKAV-XHsKcPb3oJPEng,Falon Patton Studio,"8230 Poplar Tent RdConcord, NC 28027",,5.0/2 reviews,falonpattonstudio.com
jQTBMbkw2Qlk00QMFYrGNg,Ginny’s Wigs-Plus,"610 1/2 S Chestnut StGastonia, NC 28054",(704) 865-5641,5.0/2 reviews,ginnyswigs.com/home.html
74nlE6C4gTl_jF8YzniNIw,Cheryl Thrasher-Horne,"9606 Sherrill Estates RdHuntersville, NC 28078",(704) 456-5166,no review,
BB6vJ4wjxFTsbFUbK9Y__A,Melange Signature Beauty Bar,"1711 Pope StRock Hill, SC 29732",(803) 327-1070,no review,
xNdYOB-dk5RxYr1N8a7bFw,Juline Almond,"350 George W Liles PkwyConcord, NC 28027",(704) 763-7859,5.0/2 reviews,
UbS5S-e2giwprpTXWNudvg,Kasey Turnmire,"3105 Rock Hill Church RdConcord, NC 28027",(704) 798-7519,no review,
dMD27e9xzQ4sfmCH6eMxnA,Salon Halo,"15800 Northcross DrHuntersville, NC 28078",(980) 521-0394,no review,
aLi-GvuwmLPkeCB6sTUVuA,hairbyannapham,"Abbey Ridge Pl NWConcord, NC 28027",(336) 823-8224,no review,hairbyannapham.com
vtQg-in_nTQXfNRDVFHTsQ,Anna’s Dream Salon,"Abbey Ridge Pl NWconcord, NC 28027",(336) 823-8224,no review,
aTClLyeUqo94h_duRtSTLw,Shear Charm,"15800 Northcross DrHuntersville, NC 28078",(980) 521-0394,no review,
rG6K8eFxUJLqaldeJvbdfA,Liz Harvey,"312 Treeline DrBelmont, NC 28012",(704) 831-0498,no review,
k9PP5JJN3PNTUD2erLTj3w,Salon Element,"20619 Torrence Chapel RdCornelius, NC 28031",(757) 771-0716,no review,
1FQt0eD8nWayl3UfIpzlRw,MJ’s Hair Lounge,"21310 Catawba AveCornelius, NC 28031",(704) 778-9984,no review,
jhnYUGNZUeSW_gqUIn8AWg,Sherri Wert,"1921 Mt Gallant RdRock Hill, SC 29732",(803) 366-6400,no review,
Vw_rIf5SSGvrLgWAxoMgfw,Kelly @ Salon metaxa,"19900 Catawba AveCornelius, NC 28031",(704) 995-5845,no review,
cLCSh6TasgCgoW3JwwtZ7Q,Hair By Jody Fallows,"16623 Birkdale Commons PkwyHuntersville, NC 28078",(704) 464-2058,no review,
PsrED_hI_Kq1x6wDfeMnvQ,Lesley - Casa Bella Salon,"16610-A W Catawba AveHuntersville, NC 28078",(704) 488-2272,no review,lesleyatcasabella.com
zk6vkkfFZQxP8s1O07ETUg,Mary Meade’s,"20909 Catawba AveCornelius, NC 28031",(704) 488-8008,no review,
SE93GlbQiLXOjORbbwzUag,Yudy’s Dominican Touch Hair Salon,"446 McGill Ave NWConcord, NC 28027",(704) 787-8854,5.0/1 review,
DMY13J8_e6PUI7k4mXmVjg,Deanna Pulsone Hairstylist,"7585 Hwy 73Denver, NC 28037",(704) 230-7573,no review,
7Jl8ZJZIi0MeT_Nw0TDNDg,Burton Hills Family Hair,"2483 E Ozark AveGastonia, NC 28054",(704) 866-9168,3.0/2 reviews,burtonhills.com
8pXw1OghkrwHipJcr2krxg,Hair by Jennifer LaCount at Halo Salon,"118 Academy StFort Mill, SC 29715",(704) 608-5026,no review,
RYYu19CtLBssdPlnG_wXCw,Rachel’s Natural Hair Care,"272 Broad Dr SWConcord, NC 28025",(704) 886-8397,no review,rachelsnaturalhaircare.godadd…
fyJvbzsJ5tuL6gLza1X38g,Hair By Jason Becker,"19700 W Catawba AveCornelius, NC 28031",(714) 858-0491,no review,hairbyjasonbecker.com
URE3Vrct3HYK58yvP7XFmw,I & R Hair Studio,"42 Manor Ave SWConcord, NC 28025",(704) 249-9348,no review,irhairstudio1.com
Iq7vKoETY0EFme1XQPX_6A,Styles Unlimited,"114 W 3rd AveGastonia, NC 28052",(704) 867-7486,no review,
a9QvUH3dSmtiE_5jalVdSQ,New Reflections Hair & Barber Salon,"317 S Broad StGastonia, NC 28052",(704) 867-8358,no review,newreflectionshairandbarbersa…
pOb9qTgwelBjlbGFEmBh-A,Bella Cole Salon,"1236 Ebenezer RdRock Hill, SC 29732",(803) 327-5599,5.0/1 review,bellacolesalon.com
xol8JEE7KqCM4xH3pUORqg,Laura Glidden Studio,"20619 Torrence Chapel RdCornelius, NC 28031",(704) 564-5851,no review,
l7SUKjZRak-Vs729CdRWwA,Jessica Loy & Anna Moore,"20830 Torrence Chapel RdCornelius, NC 28031",(704) 962-6048,no review,salonsabeli.com
VJ7aGVi2uTaRz6ESZinysQ,Laura Warren,"20830 Torrence Chapel RdCornelius, NC 28031",(336) 469-9416,no review,salonsabeli.com/directory/Lau…
-g1iaR4b3NWYuowhsBETkg,Wendy Valdivieso,"20830 Torrence Chapel RdCornelius, NC 28031",(704) 604-0018,no review,
9uX20mfHcSb7msoMFMw0_A,Dominican Beauty Hair Salon,"609 S Cannon BlvdKannapolis, NC 28083",(704) 298-0516,4.5/2 reviews,dominicanbeauty4.wix.com/domi…
Bc2It-Koxv7wHl71KMb8qA,Pride Beauty Studio,"9 Union St NConcord, NC 28025",(704) 905-0434,1.5/9 reviews,pridebeautystudio.com
HhhzVV4duBu5eEgZoc5_rA,Style Expressions,"1096 Parkway PlzConcord, NC 28027",(704) 680-8073,no review,styleexpressions7.wixsite.com
h2zttNgXqKq8aY9xCIU2Jg,Kimberly Howell,"29 Earl Ave NEConcord, NC 28025",(704) 699-2600,no review,
5vKMAOauiVr3c5dgb7StDg,Hairstylist Heather Mariano,"2702 S Main StConcord, NC 28027",(704) 224-7884,no review,
iB04hZ-i2ijSceRP57m_zw,Kym & Co Salon,"3606 Hwy 16 NDenver, NC 28037",(704) 483-4660,no review,kymandcompanysalon.com
gsV0AC9qOoz8cjT5UDiAsw,Rhonda’s Styling Salon,"899 Lakeside DrConcord, NC 28027",(704) 788-3677,no review,
dD9yz0BMjJWo91r8LeNbVQ,Town & Country Hair Care,"4403 Rocky River RdConcord, NC 28027",(704) 786-1665,no review,
q75gUAk9JU1SBEIzxhRNZQ,Unique Boutique,"13131 Rosedale Hill AveHuntersville, NC 28078",(704) 343-8773,no review,uniqueboutiquenc.com
3cNykUdZ3tnr2Fh-UMybxg,Makeup By Cathy,"16838 Birkdale Commons PkwyHuntersville, NC 28078",(704) 280-0421,no review,mbcathy.com
LrG3nfHF-FauL8DkOYQ8Rw,Sharon’s Hair Styling,"2120 Barnhardt AveConcord, NC 28027",(704) 786-8398,no review,
l3M6aV9axL4XAcaimEkLWg,Kitsa Metaxatos,"19900 W Catawba AveCornelius, NC 28031",(704) 965-5865,no review,
rj__9tsLJ1feA8kr5G0MYQ,The Heather Alexander Studio,"20830 Torrence Chapel RdCornelius, NC 28031",(704) 309-7061,no review,salonsabeli.com/directory/The…
4Pa94sGnhmzTeAZ_QKgzlA,Ali James,"20830 Torrence Chapel RdCornelius, NC 28031",(828) 674-6665,no review,salonsabeli.com
q9_tQyahZgKbmS-X_4DFQQ,She Chic Cindy Bui,"20830 Torrence Chapel RdCornelius, NC 28031",(704) 996-8312,no review,salonsabeli.com
RfM_ijJlofrlBFHPOyLDHg,April Couse Walker,"20830 Torrence Chapel RdCornelius, NC 28031",(704) 896-3343,no review,aprilcouse.com
iMagINMHceAc_5czvdPeug,Salon Sabeli,"20830 Torrence Chapel RdCornelius, NC 28031",(704) 348-7078,1.0/3 reviews,salonsabeli.com/contact
avQgPCmAPrExOoEksBLY0A,Nikki Babb,"20830 Torrence Chapel RdCornelius, NC 28031",(330) 354-1196,no review,salonsabeli.com
QbyEd6V8SY6IT6A6Qu_USw,Integrity Beauty Salon and Spa,"1301-B Skyway DrMonroe, NC 28110",(704) 776-9889,no review,
zl3BZPEkq4hT5Akdz8L4mA,Daniela’s Hair Gallery,"701 East Franklin StMonroe, NC 28112",(704) 906-5176,no review,danielashairgallery.com
qpFI4VQbAIVcsjQlfiU7nA,Danny’s Cut & Styles,"1912 Graham StGastonia, NC 28052",(704) 866-9580,no review,
_yZP4cy_zdPdCDDiiycEpw,Cutting Edge Salon,"7776 Sarah DrDenver, NC 28037",(704) 489-1090,no review,
